{
  "0": [
    [
      402.8083033062377,
      2.8589104598704487
    ],
    [
      326.30422521321617,
      15.039808651387192
    ],
    [
      236.9247833299655,
      29.270776767254517
    ],
    [
      148.2875557515657,
      43.38391329624113
    ],
    [
      634.8500018376691,
      48.71253869105195
    ],
    [
      732.7148202045393,
      52.914397688271826
    ],
    [
      49.29882965600845,
      59.14548233568477
    ],
    [
      561.3038598500792,
      62.75812208778783
    ],
    [
      476.7209977649175,
      78.92224922738974
    ],
    [
      690.8609300715455,
      89.16850997139004
    ],
    [
      389.4609807963363,
      95.60696296981435
    ],
    [
      612.7102276330811,
      107.65423464919907
    ],
    [
      290.02971448566717,
      114.62766250816891
    ],
    [
      834.8537785235206,
      117.04526327590213
    ],
    [
      524.8383849761262,
      128.44004338323202
    ],
    [
      187.07999925274305,
      134.3355826131147
    ],
    [
      758.6713467642305,
      138.14778960869597
    ],
    [
      432.34941880614406,
      150.31865108562042
    ],
    [
      71.48342955530944,
      156.4785802451963
    ],
    [
      674.3586415572795,
      161.5045751824483
    ],
    [
      327.6457022120009,
      175.0873025916906
    ],
    [
      581.8677559806233,
      187.12977633578103
    ],
    [
      837.1885461396031,
      195.00018628211248
    ],
    [
      215.75141423978013,
      201.55800892195626
    ],
    [
      482.73562997658854,
      214.5977801143353
    ],
    [
      747.4508125810604,
      225.35936656017606
    ],
    [
      88.61362833228115,
      231.63594913973998
    ],
    [
      371.41532378855413,
      245.44571971276716
    ],
    [
      650.2582665372965,
      257.5121295661619
    ],
    [
      248.94652634895345,
      279.38781914699365
    ],
    [
      543.9454124150227,
      292.687386378038
    ],
    [
      842.4686595858068,
      311.7088139112506
    ],
    [
      108.37787297626275,
      318.3516102737273
    ],
    [
      425.23844950545816,
      331.9712443793783
    ],
    [
      740.9894957006263,
      350.8865551078031
    ],
    [
      290.4078077326493,
      376.59992361603247
    ],
    [
      624.5520578542374,
      395.5263357913801
    ],
    [
      133.4941514004856,
      428.55094714085976
    ],
    [
      495.535331805444,
      444.9903502595493
    ]
  ],
  "1": [
    [
      400.64774994180743,
      2.9302696984763075
    ],
    [
      321.2139525478347,
      15.423224389571184
    ],
    [
      240.18015533436065,
      28.169956965922545
    ],
    [
      149.6141496424177,
      42.41887977322756
    ],
    [
      632.5602866157601,
      48.46095805710607
    ],
    [
      732.314406608935,
      51.83168683475437
    ],
    [
      48.777375516494786,
      58.28692410945784
    ],
    [
      558.2852959619073,
      62.76917459713781
    ],
    [
      474.758826753201,
      78.8773930867857
    ],
    [
      687.4159767020059,
      88.39411344382722
    ],
    [
      386.02781048410395,
      96.00385702394392
    ],
    [
      609.3319307559972,
      107.06392861143608
    ],
    [
      292.71856003855527,
      114.0314918071508
    ],
    [
      834.2077846254145,
      116.73429239077561
    ],
    [
      522.520108642414,
      127.82183869441475
    ],
    [
      188.09522267763256,
      134.2654055283681
    ],
    [
      756.6051938524603,
      138.76178340749993
    ],
    [
      429.5091943946088,
      150.06313002933402
    ],
    [
      70.6899079779068,
      156.99567011106063
    ],
    [
      672.2693928501888,
      161.68310955366286
    ],
    [
      329.4132732299315,
      173.99998580557397
    ],
    [
      580.028521672498,
      186.75584368499815
    ],
    [
      834.4721085083146,
      195.4773326249152
    ],
    [
      216.09649211503603,
      201.1001328944235
    ],
    [
      480.732333920725,
      213.74881263127193
    ],
    [
      745.2650055262794,
      225.03581765873054
    ],
    [
      87.31671068708023,
      231.9003975034914
    ],
    [
      371.8430102262732,
      243.35269124076086
    ],
    [
      648.4659349882891,
      256.8902031534835
    ],
    [
      247.9137775042411,
      277.04941593191614
    ],
    [
      543.2747654817202,
      291.5091628877112
    ],
    [
      840.7699598521361,
      309.2895186685854
    ],
    [
      105.9095361774075,
      315.6657832476389
    ],
    [
      425.09741154717847,
      330.40544627210295
    ],
    [
      738.4532936048223,
      349.10991383786484
    ],
    [
      289.0275447376671,
      375.195708610631
    ],
    [
      624.7965193624531,
      392.8686164836512
    ],
    [
      130.69056747687304,
      427.32206644314647
    ],
    [
      494.0867180361398,
      443.194169596229
    ]
  ]
}